Station Name,Org Name,No. of Ports,Usable By,Country ,Postal Code,Customer Category,Customer Subcategory,Station Activation Date,Location 1,Location 2
2021 E 5TH ST / CHAMPION EV #1,Endeavor Real Estate Group,2,All Drivers,United States,78750,Parking,Commercial,04/16/2015 10:52:00 AM,"0024:B100:0002:18C7
Austin, Texas 78750
(30.363133, -97.793604)","6433 Champion Grandview Way
Austin, Texas 78750
(30.363133, -97.793604)"
2021 E 5TH ST / CHAMPION EV #2,Endeavor Real Estate Group,2,All Drivers,United States,78750,Parking,Commercial,04/16/2015 10:56:00 AM,"0024:B100:0002:1F14
Austin, Texas 78750
(30.363198, -97.7937)","6433 Champion Grandview Way
Austin, Texas 78750
(30.363198, -97.7937)"
2021 E 5TH ST / ENDEAVOR STAT1,Endeavor Real Estate Group,2,Tenant Only,United States,78702,Workplace,General,06/02/2014 02:32:00 PM,"0024:B100:0002:0B91
Austin, Texas 78702
(30.258756, -97.720097)","2110 E 4th St
Austin, Texas 78702
(30.258756, -97.720097)"
AISD PAC / AISD PAC #1,Austin Independent School District,2,All Drivers,United States,78723,Education,High School / Other,03/25/2015 02:31:00 PM,"0024:B100:0002:083E
Austin, Texas 78723
(30.305454, -97.702666)","Mueller Blvd
Austin, Texas 78723
(30.305454, -97.702666)"
AISD PAC / AISD PAC #2,Austin Independent School District,2,All Drivers,United States,78723,Education,High School / Other,03/25/2015 01:44:00 PM,"0024:B100:0002:0CBD
Austin, Texas 78723
(30.30538, -97.702537)","1301-1603 E 51st St
Austin, Texas 78723
(30.30538, -97.702537)"
AISD PAC / AISD PAC #3,Austin Independent School District,2,All Drivers,United States,78723,Education,High School / Other,03/25/2015 01:52:00 PM,"0024:B100:0002:0B5E
Austin, Texas 78723
(30.305343, -97.702408)","1301-1603 E 51st St
Austin, Texas 78723
(30.305343, -97.702408)"
AISD PAC / AISD PAC #4,Austin Independent School District,2,All Drivers,United States,78723,Education,High School / Other,03/25/2015 01:57:00 PM,"0024:B100:0002:0B58
Austin, Texas 78723
(30.305269, -97.702269)","1301-1603 E 51st St
Austin, Texas 78723
(30.305269, -97.702269)"
AISD PAC / AISD PAC #5,Austin Independent School District,2,All Drivers,United States,78723,Education,High School / Other,03/25/2015 01:42:00 PM,"0024:B100:0002:0CE1
Austin, Texas 78723
(30.305204, -97.702108)","1301-1603 E 51st St
Austin, Texas 78723
(30.305204, -97.702108)"
AMD GO GREEN / P100 FL4 INNER,AMD ,2,AMD Lone Star,United States,78735,Workplace,High-Tech,10/19/2010 04:13:00 PM,"000D:6F00:009D:9AB9
Austin, Texas 78735
(30.251432, -97.86384)","7171 Southwest Pkwy
Austin, Texas 78735
(30.251432, -97.86384)"
AMD GO GREEN / P100 FL4 OUTER,AMD ,2,AMD Lone Star,United States,78735,Workplace,General,10/19/2010 10:05:00 AM,"000D:6F00:009D:D165
Austin, Texas 78735
(30.251635, -97.863914)","7171 Southwest Pkwy
Austin, Texas 78735
(30.251635, -97.863914)"
AMD GO GREEN / P100 FLOOR 5,AMD ,2,AMD Lone Star,United States,78735,Workplace,High-Tech,05/15/2014 02:17:00 PM,"0024:B100:0002:0C46
Austin, Texas 78735
(30.251499, -97.863984)","7171 Southwest Pkwy
Austin, Texas 78735
(30.251499, -97.863984)"
AMD GO GREEN / P300 FL 2,AMD ,2,AMD Lone Star,United States,78735,Workplace,High-Tech,10/19/2010 10:00:00 AM,"000D:6F00:009D:D04C
Austin, Texas 78735
(30.250542, -97.860092)","7171 Southwest Pkwy
Austin, Texas 78735
(30.250542, -97.860092)"
ARBORETUM / N CAPITAL TX 1,OTR & Ohio General Partnership,2,All Drivers,United States,78759,Workplace,General,01/23/2013 12:51:00 PM,"000D:6F00:009D:7474
Austin, Texas 78759
(30.390246, -97.74825)","9442 N Capital of Texas Hwy
Austin, Texas 78759
(30.390246, -97.74825)"
AXO GROUP LLC / AUSTIN CHARGE,AXO Group LLC,2,All Drivers,United States,78702,Workplace,General,06/11/2012 03:11:00 PM,"000D:6F00:0154:F2FC
Austin, Texas 78702
(30.266047, -97.733139)","601-699 Brushy St
Austin, Texas 78702
(30.266047, -97.733139)"
BRANDYWINE AUST / STATION 1,Brandywine Acquisition Partners LP,2,All Drivers,United States,78746,Parking,Commercial,02/13/2013 10:19:00 AM,"000D:6F00:015A:9725
Austin, Texas 78746
(30.280342, -97.823499)","1250 S Capital of Texas Hwy
Austin, Texas 78746
(30.280342, -97.823499)"
CATELLUS MARKET / CATELLUS 1,Catellus Market District (AE PIE),1,All Drivers,United States,78723,Retail,Shopping Center,11/06/2014 02:29:00 PM,"000D:6F00:009D:73D6
Austin, Texas 78723
(30.301411, -97.699019)","Garcia Street
Austin, Texas 78723
(30.301411, -97.699019)"
COA FACILITIES / HAMPTONLIBRARY2,AUSTIN ENERGY,2,All Drivers,United States,78749,Parking,Commercial,06/10/2011 07:37:00 AM,"000D:6F00:009D:D18D
Austin, Texas 78749
(30.217978, -97.854843)","5125 Convict Hill Rd
Austin, Texas 78749
(30.217978, -97.854843)"
CATELLUS MARKET / CATELLUS 2,Catellus Market District (AE PIE),1,All Drivers,United States,78723,Retail,Shopping Center,02/27/2015 10:53:00 AM,"000D:6F00:04B8:ABDC
Austin, Texas 78723
(30.302981, -97.698722)","1801 E 51st St
Austin, Texas 78723
(30.302981, -97.698722)"
CATELLUS MARKET / CATELLUS 3,Catellus Market District (AE PIE),1,All Drivers,United States,78723,Retail,Shopping Center,02/10/2015 02:02:00 PM,"000D:6F00:04B8:9570
Austin, Texas 78723
(30.301581, -97.699416)","1801 E 51st St
Austin, Texas 78723
(30.301581, -97.699416)"
CATELLUS MARKET / CATELLUS 4,Catellus Market District (AE PIE),1,All Drivers,United States,78723,Retail,Shopping Center,02/10/2015 10:24:00 AM,"000D:6F00:015A:9C51
Austin, Texas 78723
(30.301615, -97.69867)","Garcia St
Austin, Texas 78723
(30.301615, -97.69867)"
CATELLUS MARKET / CATELLUS 5,Catellus Market District (AE PIE),1,All Drivers,United States,78723,Retail,Shopping Center,02/27/2015 10:56:00 AM,"000D:6F00:00A2:0E2C
Austin, Texas 78723
(30.302555, -97.69899)","1801 E 51st St
Austin, Texas 78723
(30.302555, -97.69899)"
CATELLUS MARKET / CATELLUS 6,Catellus Market District (AE PIE),1,All Drivers,United States,78723,Retail,Shopping Center,02/10/2015 02:05:00 PM,"000D:6F00:00A2:112F
Austin, Texas 78723
(30.301591, -97.699535)","1801 E 51st St
Austin, Texas 78723
(30.301591, -97.699535)"
CHEVY MAIN / AUTONATION MAIN,AutoNation Chevrolet,2,All Drivers,United States,78759,Workplace,General,07/17/2014 11:58:00 AM,"000D:6F00:00A2:0EDB
Austin, Texas 78759
(30.409556, -97.745947)","11400 Research Blvd
Austin, Texas 78759
(30.409556, -97.745947)"
COA FACILITIES / ANIMAL SERVICE1,AUSTIN ENERGY,2,All Drivers,United States,78702,Parking,Commercial,09/29/2011 09:37:00 AM,"000D:6F00:00A5:8BEF
Austin, Texas 78702
(30.251505, -97.688644)","7201 Levander Loop
Austin, Texas 78702
(30.251505, -97.688644)"
COA FACILITIES / ANIMAL SERVICE2,AUSTIN ENERGY,2,All Drivers,United States,78702,Parking,Commercial,02/28/2012 04:00:00 PM,"000D:6F00:009D:D0C8
Austin, Texas 78702
(30.251463, -97.688644)","7201 Levander Loop
Austin, Texas 78702
(30.251463, -97.688644)"
COA FACILITIES / ANIMAL SERVICE3,AUSTIN ENERGY,2,All Drivers,United States,78702,Parking,Commercial,03/23/2012 02:25:00 PM,"000D:6F00:015A:EE58
Austin, Texas 78702
(30.251839, -97.690285)","7201 Levander Loop
Austin, Texas 78702
(30.251839, -97.690285)"
COA FACILITIES / ANIMAL SERVICE4,AUSTIN ENERGY,2,All Drivers,United States,78702,Parking,Commercial,10/03/2011 01:23:00 PM,"000D:6F00:009D:CCA2
Austin, Texas 78702
(30.251862, -97.690483)","7201 Levander Loop
Austin, Texas 78702
(30.251862, -97.690483)"
COA FACILITIES / ANIMAL SERVICE5,AUSTIN ENERGY,2,All Drivers,United States,78702,Parking,Commercial,10/03/2011 01:23:00 PM,"000D:6F00:009D:CBB2
Austin, Texas 78702
(30.2519, -97.690529)","7201 Levander Loop
Austin, Texas 78702
(30.2519, -97.690529)"
COA FACILITIES / CITY HALL STAT1,AUSTIN ENERGY,2,All Drivers,United States,78701,Parking,Commercial,03/24/2011 06:54:00 AM,"000D:6F00:00A5:8B70
Austin, Texas 78701
(30.264847, -97.746872)","301 W 2nd St
Austin, Texas 78701
(30.264847, -97.746872)"
COA FACILITIES / CITY HALL STAT2,AUSTIN ENERGY,2,All Drivers,United States,78701,Parking,Commercial,04/10/2011 08:45:00 PM,"000D:6F00:009D:D2D2
Austin, Texas 78701
(30.264807, -97.746864)","301 W 2nd St
Austin, Texas 78701
(30.264807, -97.746864)"
COA FACILITIES / CONVENTION CTR1,AUSTIN ENERGY,2,All Drivers,United States,78701,Parking,Commercial,06/09/2011 11:59:00 AM,"000D:6F00:00A5:8C1B
Austin, Texas 78701
(30.26372, -97.742371)","201 E 2nd St
Austin, Texas 78701
(30.26372, -97.742371)"
COA FACILITIES / CONVENTION CTR2,AUSTIN ENERGY,2,All Drivers,United States,78701,Parking,Commercial,06/09/2011 12:10:00 PM,"000D:6F00:009D:CB6F
Austin, Texas 78701
(30.2637, -97.742294)","201 E 2nd St
Austin, Texas 78701
(30.2637, -97.742294)"
COA FACILITIES / CONVENTION CTR3,AUSTIN ENERGY,2,All Drivers,United States,78701,Parking,Commercial,06/09/2011 12:23:00 PM,"000D:6F00:009D:D2BE
Austin, Texas 78701
(30.263708, -97.742325)","201 E 2nd St
Austin, Texas 78701
(30.263708, -97.742325)"
COA FACILITIES / HAMPTONLIBRARY1,AUSTIN ENERGY,2,All Drivers,United States,78749,Parking,Commercial,06/10/2011 07:36:00 AM,"000D:6F00:009D:7476
Austin, Texas 78749
(30.218, -97.854866)","5125 Convict Hill Rd
Austin, Texas 78749
(30.218, -97.854866)"
COA FACILITIES / HOWSONBRCHLIBR1,AUSTIN ENERGY,2,All Drivers,United States,78703,Parking,Commercial,06/30/2011 02:10:00 PM,"000D:6F00:009D:CBD9
Austin, Texas 78703
(30.298466, -97.767868)","2500 Exposition Blvd
Austin, Texas 78703
(30.298466, -97.767868)"
COA FACILITIES / HOWSONBRCHLIBR2,AUSTIN ENERGY,2,All Drivers,United States,78703,Parking,Commercial,06/30/2011 02:15:00 PM,"000D:6F00:009D:9A56
Austin, Texas 78703
(30.29847, -97.767883)","2500 Exposition Blvd
Austin, Texas 78703
(30.29847, -97.767883)"
COA FACILITIES / KRAMER 01,AUSTIN ENERGY,2,All Drivers,United States,78758,Municipal,Municipal Parking,11/03/2011 11:31:00 AM,"000D:6F00:015A:9838
Austin, Texas 78758
(30.394697, -97.716885)","2526 Kramer Ln
Austin, Texas 78758
(30.394697, -97.716885)"
COA FACILITIES / MACC STATION 1,AUSTIN ENERGY,2,All Drivers,United States,78701,Municipal,Municipal Workplace,06/07/2011 10:03:00 PM,"000D:6F00:009D:D21C
Austin, Texas 78701
(30.259188, -97.74)","600 River St
Austin, Texas 78701
(30.259188, -97.74)"
COA FACILITIES / MACC STATION 2,AUSTIN ENERGY,2,All Drivers,United States,78701,Municipal,Municipal Workplace,05/10/2011 01:25:00 PM,"000D:6F00:009D:D24C
Austin, Texas 78701
(30.259162, -97.73997)","600 River St
Austin, Texas 78701
(30.259162, -97.73997)"
COA FACILITIES / MILWOOD LIB 1,AUSTIN ENERGY,2,All Drivers,United States,78727,Parking,Commercial,08/23/2011 01:45:00 PM,"000D:6F00:009D:7420
Austin, Texas 78727
(30.422258, -97.716354)","12500 Amherst Dr
Austin, Texas 78727
(30.422258, -97.716354)"
COA FACILITIES / MILWOOD LIB 2,AUSTIN ENERGY,2,All Drivers,United States,78727,Parking,Commercial,08/23/2011 02:07:00 PM,"000D:6F00:009D:D16D
Austin, Texas 78727
(30.422272, -97.71637)","12500 Amherst Dr
Austin, Texas 78727
(30.422272, -97.71637)"
COA FACILITIES / NWRECCENTER 1,AUSTIN ENERGY,2,All Drivers,United States,78731,Parking,Commercial,09/06/2011 09:48:00 PM,"000D:6F00:00A5:8C29
Austin, Texas 78731
(30.334032, -97.751503)","2913 Northland Dr
Austin, Texas 78731
(30.334032, -97.751503)"
COA FACILITIES / NWRECCENTER 2,AUSTIN ENERGY,2,All Drivers,United States,78731,Parking,Commercial,09/06/2011 09:52:00 PM,"000D:6F00:0069:B8EA
Austin, Texas 78731
(30.334015, -97.751419)","2913 Northland Dr
Austin, Texas 78731
(30.334015, -97.751419)"
COA FACILITIES / NWRECCENTER 3,AUSTIN ENERGY,2,All Drivers,United States,78731,Parking,Commercial,09/06/2011 09:54:00 PM,"000D:6F00:009D:9A2A
Austin, Texas 78731
(30.334024, -97.75148)","2913 Northland Dr
Austin, Texas 78731
(30.334024, -97.75148)"
COA FACILITIES / NWRECCENTER 4,AUSTIN ENERGY,2,All Drivers,United States,78731,Parking,Commercial,09/06/2011 09:56:00 PM,"000D:6F00:009D:CF5C
Austin, Texas 78731
(30.334023, -97.75145)","2913 Northland Dr
Austin, Texas 78731
(30.334023, -97.75145)"
COA FACILITIES / OTC 3FL PKGSTA1,AUSTIN ENERGY,2,All Drivers,United States,78704,Parking,Commercial,03/30/2011 12:25:00 PM,"000D:6F00:00A5:8B51
Austin, Texas 78704
(30.25704, -97.749207)","505 Barton Springs Rd
Austin, Texas 78704
(30.25704, -97.749207)"
COA FACILITIES / OTC 3FL PKGSTA2,AUSTIN ENERGY,2,All Drivers,United States,78704,Parking,Commercial,03/30/2011 12:26:00 PM,"000D:6F00:009D:CC38
Austin, Texas 78704
(30.257099, -97.749138)","505 Barton Springs Rd
Austin, Texas 78704
(30.257099, -97.749138)"
COA FACILITIES / OTC 3FL PKGSTA3,AUSTIN ENERGY,2,All Drivers,United States,78704,Parking,Commercial,03/30/2011 12:26:00 PM,"000D:6F00:009D:CB76
Austin, Texas 78704
(30.257202, -97.749107)","505 Barton Springs Rd
Austin, Texas 78704
(30.257202, -97.749107)"
COA FACILITIES / PALMER STATION1,AUSTIN ENERGY,2,All Drivers,United States,78704,Parking,Commercial,10/09/2012 02:26:00 PM,"000D:6F00:009D:CF11
Austin, Texas 78704
(30.259945, -97.752739)","900 Barton Springs Rd
Austin, Texas 78704
(30.259945, -97.752739)"
COA FACILITIES / PALMER STATION2,AUSTIN ENERGY,2,All Drivers,United States,78704,Parking,Commercial,04/07/2011 08:28:00 AM,"000D:6F00:009D:CFDF
Austin, Texas 78704
(30.259794, -97.752609)","900 Barton Springs Rd
Austin, Texas 78704
(30.259794, -97.752609)"
COA FACILITIES / PALMER STATION3,AUSTIN ENERGY,2,All Drivers,United States,78704,Parking,Commercial,04/07/2011 08:28:00 AM,"000D:6F00:009D:D0B2
Austin, Texas 78704
(30.259869, -97.752678)","900 Barton Springs Rd
Austin, Texas 78704
(30.259869, -97.752678)"
COA FACILITIES / PUBDITTMAR1,AUSTIN ENERGY,2,All Drivers,United States,78745,Parks and Recreation,,06/22/2011 01:02:00 PM,"000D:6F00:00A5:8615
Austin, Texas 78745
(30.185047, -97.801982)","1009 W Dittmar Rd
Austin, Texas 78745
(30.185047, -97.801982)"
COA FACILITIES / PUBDITTMAR2,AUSTIN ENERGY,2,All Drivers,United States,78745,Parks and Recreation,,06/22/2011 01:05:00 PM,"000D:6F00:009D:D280
Austin, Texas 78745
(30.185047, -97.801928)","1009 W Dittmar Rd
Austin, Texas 78745
(30.185047, -97.801928)"
COA FACILITIES / ROSEWOOD PARK 2,AUSTIN ENERGY,2,All Drivers,United States,78702,Parking,Commercial,09/08/2011 08:05:00 AM,"000D:6F00:009D:9A3A
Austin, Texas 78702
(30.271976, -97.713997)","1182 N Pleasant Valley Rd
Austin, Texas 78702
(30.271976, -97.713997)"
COA FACILITIES / ROSEWOODPARK1,AUSTIN ENERGY,2,All Drivers,United States,78702,Parking,Commercial,08/24/2011 11:37:00 AM,"000D:6F00:0069:CA07
Austin, Texas 78702
(30.271988, -97.71402)","1182 N Pleasant Valley Rd
Austin, Texas 78702
(30.271988, -97.71402)"
COA FACILITIES / RUTHERFORDCAMP1,AUSTIN ENERGY,2,All Drivers,United States,78754,Parking,Commercial,10/14/2011 11:53:00 AM,"000D:6F00:015A:97D9
Austin, Texas 78754
(30.336962, -97.680801)","1520 Rutherford Ln
Austin, Texas 78754
(30.336962, -97.680801)"
COA FACILITIES / RUTHERFORDCAMP2,AUSTIN ENERGY,2,All Drivers,United States,78754,Parking,Commercial,10/14/2011 11:56:00 AM,"000D:6F00:009D:D16B
Austin, Texas 78754
(30.336996, -97.680779)","1520 Rutherford Ln
Austin, Texas 78754
(30.336996, -97.680779)"
COA FACILITIES / RUTHERFORDCAMP3,AUSTIN ENERGY,2,All Drivers,United States,78754,Parking,Commercial,10/14/2011 11:59:00 AM,"000D:6F00:009D:9A08
Austin, Texas 78754
(30.337023, -97.680756)","1520 Rutherford Ln
Austin, Texas 78754
(30.337023, -97.680756)"
COA FACILITIES / TECHNICENTER1,AUSTIN ENERGY,2,All Drivers,United States,78725,Parking,Commercial,12/15/2011 02:42:00 PM,"000D:6F00:015A:97D0
Austin, Texas 78725
(30.27771, -97.665237)","4201 Ed Bluestein Blvd
Austin, Texas 78725
(30.27771, -97.665237)"
COA FACILITIES / TECHNICENTER2,AUSTIN ENERGY,2,All Drivers,United States,78725,Parking,Commercial,01/11/2012 12:50:00 PM,"000D:6F00:009D:D0AA
Austin, Texas 78725
(30.277599, -97.665176)","4201 Ed Bluestein Blvd
Austin, Texas 78725
(30.277599, -97.665176)"
COA FACILITIES / TECHNICENTER3,AUSTIN ENERGY,2,All Drivers,United States,78725,Parking,Commercial,01/11/2012 12:50:00 PM,"000D:6F00:009D:9AB6
Austin, Texas 78725
(30.277645, -97.665192)","4201 Ed Bluestein Blvd
Austin, Texas 78725
(30.277645, -97.665192)"
COA FACILITIES / TLC STATION 1,AUSTIN ENERGY,2,All Drivers,United States,78704,Parking,Commercial,03/23/2011 06:09:00 AM,"000D:6F00:00A5:8B71
Austin, Texas 78704
(30.258434, -97.752075)","721 Barton Springs Rd
Austin, Texas 78704
(30.258434, -97.752075)"
COA FACILITIES / TLC STATI0N 2,AUSTIN ENERGY,2,All Drivers,United States,78704,Parking,Commercial,03/23/2011 06:09:00 AM,"000D:6F00:009D:9A13
Austin, Texas 78704
(30.258398, -97.751999)","721 Barton Springs Rd
Austin, Texas 78704
(30.258398, -97.751999)"
COA FACILITIES / WALNUTCREEKPRK1,AUSTIN ENERGY,2,All Drivers,United States,78753,Parking,Commercial,09/27/2011 03:16:00 PM,"000D:6F00:00A5:8B68
Austin, Texas 78753
(30.398497, -97.679832)","12138 N Lamar Blvd
Austin, Texas 78753
(30.398497, -97.679832)"
COA FACILITIES / WALNUTCREEKPRK2,AUSTIN ENERGY,2,All Drivers,United States,78753,Parking,Commercial,09/27/2011 03:21:00 PM,"000D:6F00:009D:CCC4
Austin, Texas 78753
(30.398552, -97.679832)","12138 N Lamar Blvd
Austin, Texas 78753
(30.398552, -97.679832)"
COA FACILITIES / ZILKER PARK PH1,AUSTIN ENERGY,2,All Drivers,United States,78704,Parking,Commercial,03/23/2011 06:49:00 AM,"000D:6F00:00A5:8488
Austin, Texas 78704
(30.264322, -97.770737)","2100 Barton Spring Rd
Austin, Texas 78704
(30.264322, -97.770737)"
COA FACILITIES / ZILKER PARK PH2,AUSTIN ENERGY,2,All Drivers,United States,78704,Parking,Commercial,04/25/2011 11:30:00 AM,"000D:6F00:009D:D121
Austin, Texas 78704
(30.264336, -97.770645)","2100 Barton Spring RD
Austin, Texas 78704
(30.264336, -97.770645)"
COA FACILITIES / ZILKERPARKPOLO1,AUSTIN ENERGY,2,All Drivers,United States,78746,Parking,Commercial,12/08/2011 08:49:00 AM,"000D:6F00:00A5:8580
Austin, Texas 78746
(30.266584, -97.774925)","2310 Andrew Zilker Rd
Austin, Texas 78746
(30.266584, -97.774925)"
COA FACILITIES / ZILKERPARKPOLO2,AUSTIN ENERGY,2,All Drivers,United States,78746,Parking,Commercial,12/08/2011 08:49:00 AM,"000D:6F00:009D:CC67
Austin, Texas 78746
(30.266611, -97.774918)","2310 Andrew Zilker Rd
Austin, Texas 78746
(30.266611, -97.774918)"
COA FLEET - PIE / BARTON #1,US City of Austin Texas,2,All Drivers,United States,78704,Municipal,Municipal Fleet,08/01/2012 11:29:00 AM,"000D:6F00:00A5:848A
Austin, Texas 78704
(30.258631, -97.74855)","401-599 Barton Springs Rd
Austin, Texas 78704
(30.258631, -97.74855)"
COA FLEET - PIE / BARTON #2,US City of Austin Texas,2,All Drivers,United States,78704,Municipal,Municipal Fleet,08/01/2012 11:34:00 AM,"000D:6F00:009D:9925
Austin, Texas 78704
(30.258635, -97.748543)","400-598 Barton Springs Rd
Austin, Texas 78704
(30.258635, -97.748543)"
COA FLEET - PIE / BARTON #3,US City of Austin Texas,2,All Drivers,United States,78704,Municipal,Municipal Fleet,08/01/2012 11:33:00 AM,"000D:6F00:009D:CC45
Austin, Texas 78704
(30.258631, -97.748566)","401-599 Barton Springs Rd
Austin, Texas 78704
(30.258631, -97.748566)"
COA FLEET - PIE / BARTON #4,US City of Austin Texas,2,All Drivers,United States,78704,Municipal,Municipal Fleet,08/01/2012 11:42:00 AM,"000D:6F00:009D:CF96
Austin, Texas 78704
(30.258627, -97.748573)","401-599 Barton Springs Rd
Austin, Texas 78704
(30.258627, -97.748573)"
COA FLEET - PIE / ED BLUE #1,US City of Austin Texas,2,All Drivers,United States,78725,Municipal,Municipal Fleet,08/07/2012 05:41:00 AM,"000D:6F00:00A5:8637
Austin, Texas 78725
(30.277622, -97.666313)","4201 Ed Bluestein Blvd
Austin, Texas 78725
(30.277622, -97.666313)"
COA FLEET - PIE / ED BLUE #2,US City of Austin Texas,2,All Drivers,United States,78725,Municipal,Municipal Fleet,08/07/2012 06:24:00 AM,"000D:6F00:009D:7155
Austin, Texas 78725
(30.277628, -97.666298)","4201 Ed Bluestein Blvd
Austin, Texas 78725
(30.277628, -97.666298)"
COA FLEET - PIE / ED BLUE #3,US City of Austin Texas,2,All Drivers,United States,78725,Municipal,Municipal Fleet,08/07/2012 05:47:00 AM,"000D:6F00:00A5:848C
Austin, Texas 78725
(30.277632, -97.666283)","4201 Ed Bluestein Blvd
Austin, Texas 78725
(30.277632, -97.666283)"
COA FLEET - PIE / FLOOR 4 ADA,US City of Austin Texas,2,All Drivers,United States,78701,Municipal,Municipal Fleet,08/27/2012 10:44:00 AM,"000D:6F00:00A5:8533
Austin, Texas 78701
(30.269745, -97.734467)","625 E 10th St
Austin, Texas 78701
(30.269745, -97.734467)"
COA FLEET - PIE / FLOOR4,US City of Austin Texas,2,All Drivers,United States,78701,Municipal,Municipal Fleet,08/27/2012 02:03:00 PM,"000D:6F00:015A:9909
Austin, Texas 78701
(30.269112, -97.734062)","900 N Interstate 35
Austin, Texas 78701
(30.269112, -97.734062)"
COA FLEET - PIE / MEINARD #1,US City of Austin Texas,2,All Drivers,United States,78744,Municipal,Municipal Fleet,07/17/2012 06:44:00 AM,"000D:6F00:00A2:1088
Austin, Texas 78744
(30.211361, -97.752083)","4393-4799 Meinardus Dr
Austin, Texas 78744
(30.211361, -97.752083)"
COA FLEET - PIE / MEINARD #2,US City of Austin Texas,2,All Drivers,United States,78744,Municipal,Municipal Fleet,07/19/2012 09:33:00 AM,"000D:6F00:009D:9415
Austin, Texas 78744
(30.211357, -97.752083)","4393-4799 Meinardus Dr
Austin, Texas 78744
(30.211357, -97.752083)"
COA FLEET - PIE / RIO G #1,US City of Austin Texas,2,All Drivers,United States,78701,Municipal,Municipal Fleet,07/26/2012 09:51:00 PM,"000D:6F00:00A2:0DAB
Austin, Texas 78701
(30.274805, -97.747632)","1111 Rio Grande St
Austin, Texas 78701
(30.274805, -97.747632)"
COA FLEET - PIE / RIO G #2,US City of Austin Texas,2,All Drivers,United States,78701,Municipal,Municipal Fleet,07/30/2012 07:04:00 AM,"000D:6F00:009D:5D7D
Austin, Texas 78701
(30.274661, -97.747504)","1111 Rio Grande St
Austin, Texas 78701
(30.274661, -97.747504)"
COA FLEET - PIE / RIO G #3,US City of Austin Texas,2,All Drivers,United States,78701,Municipal,Municipal Fleet,07/30/2012 07:06:00 AM,"000D:6F00:00A2:0F65
Austin, Texas 78701
(30.274736, -97.747596)","1111 Rio Grande St
Austin, Texas 78701
(30.274736, -97.747596)"
COA FLEET - PIE / ROOF 1,US City of Austin Texas,2,All Drivers,United States,78701,Municipal,Municipal Fleet,08/28/2012 07:43:00 AM,"000D:6F00:00A5:8C88
Austin, Texas 78701
(30.268921, -97.734787)","700-798 E 9th St
Austin, Texas 78701
(30.268921, -97.734787)"
COA FLEET - PIE / ROOF2,US City of Austin Texas,2,All Drivers,United States,78701,Municipal,Municipal Fleet,08/27/2012 10:53:00 AM,"000D:6F00:009D:7168
Austin, Texas 78701
(30.268908, -97.734749)","700-798 E 9th St
Austin, Texas 78701
(30.268908, -97.734749)"
COA FLEET - PIE / ROOF3,US City of Austin Texas,2,All Drivers,United States,78701,Municipal,Municipal Fleet,08/27/2012 10:56:00 AM,"000D:6F00:00A5:8498
Austin, Texas 78701
(30.268894, -97.734703)","700-798 E 9th St
Austin, Texas 78701
(30.268894, -97.734703)"
COA FLEET - PIE / ROOF4,US City of Austin Texas,2,All Drivers,United States,78701,Municipal,Municipal Fleet,08/27/2012 11:12:00 AM,"000D:6F00:009D:CC5F
Austin, Texas 78701
(30.268885, -97.734673)","700-798 E 9th St
Austin, Texas 78701
(30.268885, -97.734673)"
COA FLEET - PIE / ROOF5,US City of Austin Texas,2,All Drivers,United States,78701,Municipal,Municipal Fleet,08/27/2012 11:10:00 AM,"000D:6F00:009D:99FE
Austin, Texas 78701
(30.268883, -97.734665)","700-798 E 9th St
Austin, Texas 78701
(30.268883, -97.734665)"
COA FLEET - PIE / ROOF6,US City of Austin Texas,2,All Drivers,United States,78701,Municipal,Municipal Fleet,08/27/2012 11:11:00 AM,"000D:6F00:009D:7471
Austin, Texas 78701
(30.268866, -97.734612)","700-798 E 9th St
Austin, Texas 78701
(30.268866, -97.734612)"
COA FLEET - PIE / RUTHERFORD #1,US City of Austin Texas,2,All Drivers,United States,78754,Municipal,Municipal Fleet,08/31/2012 12:16:00 PM,"000D:6F00:009D:CBEF
Austin, Texas 78754
(30.335861, -97.679398)","1520 Rutherford Ln
Austin, Texas 78754
(30.335861, -97.679398)"
COA FLEET - PIE / RUTHERFORD #2,US City of Austin Texas,2,All Drivers,United States,78754,Municipal,Municipal Fleet,08/31/2012 12:22:00 PM,"000D:6F00:0069:CBA0
Austin, Texas 78754
(30.335873, -97.679359)","1520 Rutherford Ln
Austin, Texas 78754
(30.335873, -97.679359)"
COA FLEET - PIE / RUTHERFORD #3,US City of Austin Texas,2,All Drivers,United States,78754,Municipal,Municipal Fleet,08/31/2012 12:25:00 PM,"000D:6F00:009D:CB74
Austin, Texas 78754
(30.335857, -97.679413)","1520 Rutherford Ln
Austin, Texas 78754
(30.335857, -97.679413)"
COA FLEET - PIE / RUTHERFORD #4,US City of Austin Texas,2,All Drivers,United States,78754,Municipal,Municipal Fleet,08/31/2012 12:30:00 PM,"000D:6F00:009D:9C8C
Austin, Texas 78754
(30.335852, -97.679428)","1520 Rutherford Ln
Austin, Texas 78754
(30.335852, -97.679428)"
COA FLEET - PIE / RUTHERFORD #5,US City of Austin Texas,2,All Drivers,United States,78754,Municipal,Municipal Fleet,08/31/2012 12:09:00 PM,"000D:6F00:00A5:84C4
Austin, Texas 78754
(30.335863, -97.679329)","1520 Rutherford Ln
Austin, Texas 78754
(30.335863, -97.679329)"
COA FLEET - PIE / RUTHERFORD #6,US City of Austin Texas,2,All Drivers,United States,78754,Municipal,Municipal Fleet,08/31/2012 12:31:00 PM,"000D:6F00:009D:CF93
Austin, Texas 78754
(30.335842, -97.679443)","1520 Rutherford Ln
Austin, Texas 78754
(30.335842, -97.679443)"
COA FLEET - PIE / RUTHERFORD #7,US City of Austin Texas,2,All Drivers,United States,78754,Municipal,Municipal Fleet,08/31/2012 12:29:00 PM,"000D:6F00:009D:98FC
Austin, Texas 78754
(30.335838, -97.679451)","1520 Rutherford Ln
Austin, Texas 78754
(30.335838, -97.679451)"
COA FLEET - PIE / RUTHERFORD #8,US City of Austin Texas,2,All Drivers,United States,78754,Municipal,Municipal Fleet,08/31/2012 12:42:00 PM,"000D:6F00:015A:9C8E
Austin, Texas 78754
(30.335829, -97.679459)","1520 Rutherford Ln
Austin, Texas 78754
(30.335829, -97.679459)"
COA FLEET - PIE / RUTHERFORD #9,US City of Austin Texas,2,All Drivers,United States,78754,Municipal,Municipal Fleet,08/31/2012 12:43:00 PM,"000D:6F00:009D:5D7A
Austin, Texas 78754
(30.335875, -97.679382)","1520 Rutherford Ln
Austin, Texas 78754
(30.335875, -97.679382)"
COA FLEET - PIE / SPRING #1,US City of Austin Texas,2,All Drivers,United States,78702,Municipal,Municipal Fleet,07/11/2012 02:14:00 PM,"000D:6F00:00A5:8B6F
Austin, Texas 78702
(30.259113, -97.699699)","800-816 Springdale Rd
Austin, Texas 78702
(30.259113, -97.699699)"
COA FLEET - PIE / SPRING #2,US City of Austin Texas,2,All Drivers,United States,78702,Municipal,Municipal Fleet,07/12/2012 12:54:00 PM,"000D:6F00:009D:5DB8
Austin, Texas 78702
(30.259312, -97.699577)","800-816 Springdale Rd
Austin, Texas 78702
(30.259312, -97.699577)"
COA FLEET - PIE / TOOMEY #1,US City of Austin Texas,2,All Drivers,United States,78704,Municipal,Municipal Fleet,07/09/2012 12:02:00 PM,"000D:6F00:015A:9EA2
Austin, Texas 78704
(30.263723, -97.759262)","1501 Toomey Rd
Austin, Texas 78704
(30.263723, -97.759262)"
COA FLEET - PIE / TOOMEY #2,US City of Austin Texas,2,All Drivers,United States,78704,Municipal,Municipal Fleet,07/09/2012 11:58:00 AM,"000D:6F00:015A:99B1
Austin, Texas 78704
(30.263716, -97.759239)","1501-1615 Toomey Rd
Austin, Texas 78704
(30.263716, -97.759239)"
DOMAIN JUNCTION / LEFT STATION,Endeavor Real Estate Group,1,Tenant Only,United States,78758,Workplace,General,03/18/2015 12:21:00 PM,"0024:B100:0002:0FEC
Austin, Texas 78758
(30.400567, -97.719746)","11501 Alterra Pkwy
Austin, Texas 78758
(30.400567, -97.719746)"
DOMAIN JUNCTION / RIGHT STATION,Endeavor Real Estate Group,1,Tenant Only,United States,78758,Workplace,General,04/28/2015 01:15:00 PM,"0024:B100:0002:102F
Austin, Texas 78758
(30.400619, -97.719725)","11501 Alterra Pkwy
Austin, Texas 78758
(30.400619, -97.719725)"
GPT / GABLES 1,Gables Park Tower,2,All Drivers,United States,78701,Multifamily Commercial,Apartment,03/26/2015 02:55:00 PM,"0024:B100:0002:14C6
Austin, Texas 78701
(30.268637, -97.754851)","898-900 W 3rd St
Austin, Texas 78701
(30.268637, -97.754851)"
GPT / GPT 2,Gables Park Tower,2,All Drivers,United States,78701,Multifamily Commercial,Apartment,03/26/2015 02:56:00 PM,"0024:B100:0002:17E3
Austin, Texas 78701
(30.268498, -97.754605)","830 W 3rd St
Austin, Texas 78701
(30.268498, -97.754605)"
GPT / GPT 3,Gables Park Tower,2,All Drivers,United States,78701,Multifamily Commercial,Apartment,03/26/2015 02:58:00 PM,"0024:B100:0002:1724
Austin, Texas 78701
(30.268396, -97.754401)","787-799 W 3rd St
Austin, Texas 78701
(30.268396, -97.754401)"
LIVESTRONG / 2201 E 6TH ST,LIVESTRONG Foundation,1,All Drivers,United States,78702,Healthcare,Small Medical,10/25/2012 12:04:00 PM,"000D:6F00:0154:F114
Austin, Texas 78702
(30.25997, -97.718658)","2201 E 6th St
Austin, Texas 78702
(30.25997, -97.718658)"
NATIONAL INSTRU / STAT 1,National Instruments,2,All Drivers,United States,78759,Municipal,Municipal Parking,09/10/2012 10:15:00 AM,"000D:6F00:0155:0053
Austin, Texas 78759
(30.408803, -97.725229)","11500 N Mopac Expy
Austin, Texas 78759
(30.408803, -97.725229)"
NATIONAL INSTRU / STAT 1O,National Instruments,1,All Drivers,United States,78759,Workplace,General,03/29/2013 12:31:00 PM,"000D:6F00:009D:604D
Austin, Texas 78759
(30.408536, -97.7278)","11800 N Mopac Expy
Austin, Texas 78759
(30.408536, -97.7278)"
NATIONAL INSTRU / STAT 2,National Instruments,1,All Drivers,United States,78759,Municipal,Municipal Parking,03/27/2013 03:54:00 PM,"000D:6F00:0154:F34B
Austin, Texas 78759
(30.408748, -97.725277)","11500 N Mopac Expy
Austin, Texas 78759
(30.408748, -97.725277)"
NATIONAL INSTRU / STAT 3,National Instruments,1,All Drivers,United States,78759,Workplace,General,03/27/2013 03:57:00 PM,"000D:6F00:009D:5D8F
Austin, Texas 78759
(30.408632, -97.725359)","11500 N Mopac Expy
Austin, Texas 78759
(30.408632, -97.725359)"
NATIONAL INSTRU / STAT 4,National Instruments,1,All Drivers,United States,78759,Workplace,General,03/27/2013 03:54:00 PM,"000D:6F00:015A:6EC2
Austin, Texas 78759
(30.408928, -97.725137)","11500 N Mopac Expy
Austin, Texas 78759
(30.408928, -97.725137)"
NATIONAL INSTRU / STAT 5,National Instruments,1,All Drivers,United States,78759,Workplace,General,03/27/2013 03:57:00 PM,"000D:6F00:0154:F38A
Austin, Texas 78759
(30.408865, -97.725183)","11500 N Mopac Expy
Austin, Texas 78759
(30.408865, -97.725183)"
NATIONAL INSTRU / STAT 6,National Instruments,1,All Drivers,United States,78759,Workplace,General,03/27/2013 03:57:00 PM,"000D:6F00:015A:9EE2
Austin, Texas 78759
(30.408989, -97.725089)","11500 N Mopac Expy
Austin, Texas 78759
(30.408989, -97.725089)"
NATIONAL INSTRU / STAT 7,National Instruments,1,All Drivers,United States,78759,Workplace,General,03/27/2013 03:55:00 PM,"000D:6F00:009D:71BD
Austin, Texas 78759
(30.408691, -97.725321)","11500 N Mopac Expy
Austin, Texas 78759
(30.408691, -97.725321)"
NATIONAL INSTRU / STAT 8,National Instruments,2,All Drivers,United States,78759,Workplace,General,03/27/2013 04:05:00 PM,"000D:6F00:015B:7803
Austin, Texas 78759
(30.408545, -97.727688)","11800 N Mopac Expy
Austin, Texas 78759
(30.408545, -97.727688)"
NATIONAL INSTRU / STAT 9,National Instruments,1,All Drivers,United States,78759,Workplace,General,03/29/2013 12:27:00 PM,"000D:6F00:009D:5E5D
Austin, Texas 78759
(30.40854, -97.727744)","11800 N Mopac Expy
Austin, Texas 78759
(30.40854, -97.727744)"
NEIGHBORHOOD HO / 912 E11TH STAT1,Neighborhood Housing & Community Development,2,All Drivers,United States,78702,Municipal,Municipal Parking,12/09/2012 10:09:00 AM,"000D:6F00:015B:8EF1
Austin, Texas 78702
(30.270014, -97.730825)","912 E 11th St
Austin, Texas 78702
(30.270014, -97.730825)"
NISSAN-TOWN NOR / QUICK CHARGER 1,NNA DL - Town North Nissan,1,All Drivers,United States,78758,Retail,Auto Dealership,03/18/2014 02:44:00 PM,"000D:6F00:009D:5D1D
Austin, Texas 78758
(30.374418, -97.732155)","9160 Research Blvd
Austin, Texas 78758
(30.374418, -97.732155)"
OPHTHALMOLOGY / AUSTIN EYE STA1,Austin Eye,2,All Drivers,United States,78751,Workplace,General,10/03/2014 04:18:00 PM,"0024:B100:0002:1597
Austin, Texas 78751
(30.296713, -97.719788)","1009 E 40th St
Austin, Texas 78751
(30.296713, -97.719788)"
PLUGNEVERYWHERE / ACCSOAUSTIN1,AUSTIN ENERGY,2,All Drivers,United States,78745,Parking,Commercial,01/24/2012 11:07:00 AM,"000D:6F00:015B:9400
Austin, Texas 78745
(30.216026, -97.796371)","1820 W Stassney Ln
Austin, Texas 78745
(30.216026, -97.796371)"
PLUGNEVERYWHERE / ERCOT 1,AUSTIN ENERGY,2,All Drivers,United States,78744,Workplace,General,08/21/2013 03:15:00 PM,"000D:6F00:0069:B5D6
Austin, Texas 78744
(30.2165, -97.691795)","7620 Metro Center Dr
Austin, Texas 78744
(30.2165, -97.691795)"
PLUGNEVERYWHERE / ERCOT 2,AUSTIN ENERGY,2,All Drivers,United States,78744,Municipal,Municipal Workplace,11/03/2011 11:32:00 AM,"000D:6F00:015A:974A
Austin, Texas 78744
(30.216521, -97.691645)","7620 Metro Center Dr
Austin, Texas 78744
(30.216521, -97.691645)"
PLUGNEVERYWHERE / ERCOT 3,AUSTIN ENERGY,2,All Drivers,United States,78744,Municipal,Municipal Workplace,08/22/2013 11:25:00 AM,"000D:6F00:009E:D6D7
Austin, Texas 78744
(30.216505, -97.691533)","7615-7639 Metro Center Dr
Austin, Texas 78744
(30.216505, -97.691533)"
PLUGNEVERYWHERE / HEB 6EA1,AUSTIN ENERGY,1,All Drivers,United States,78751,Parking,Commercial,05/02/2012 05:34:00 PM,"000D:6F00:04B8:9E51
Austin, Texas 78751
(30.299752, -97.720467)","1000 E 41st St
Austin, Texas 78751
(30.299752, -97.720467)"
PLUGNEVERYWHERE / PALMER STATION4,AUSTIN ENERGY,2,All Drivers,United States,78704,Parking,Commercial,06/21/2012 08:53:00 AM,"000D:6F00:0155:49EA
Austin, Texas 78704
(30.259881, -97.752636)","846 Barton Springs Rd
Austin, Texas 78704
(30.259881, -97.752636)"
PLUGNEVERYWHERE / PALMER STATION5,AUSTIN ENERGY,2,All Drivers,United States,78704,Municipal,Municipal Parking,10/13/2011 11:19:00 AM,"000D:6F00:015A:9C84
Austin, Texas 78704
(30.259881, -97.752744)","846-888 Barton Springs Rd
Austin, Texas 78704
(30.259881, -97.752744)"
PLUGNEVERYWHERE / PALMER STATION6,AUSTIN ENERGY,2,All Drivers,United States,78704,Parking,Commercial,05/25/2012 11:24:00 AM,"000D:6F00:009D:D293
Austin, Texas 78704
(30.259909, -97.752583)","822-844 Barton Springs Rd
Austin, Texas 78704
(30.259909, -97.752583)"
PLUGNEVERYWHERE / PALMER STATION7,AUSTIN ENERGY,2,All Drivers,United States,78704,Parking,Commercial,07/13/2012 09:24:00 AM,"000D:6F00:0155:49E9
Austin, Texas 78704
(30.2599, -97.752701)","900 Barton Springs Rd
Austin, Texas 78704
(30.2599, -97.752701)"
PLUGNEVERYWHERE / PALMER STATION8,AUSTIN ENERGY,2,All Drivers,United States,78704,Parking,Commercial,06/21/2012 08:50:00 AM,"000D:6F00:009D:9C63
Austin, Texas 78704
(30.2599, -97.752776)","900 Barton Springs Rd
Austin, Texas 78704
(30.2599, -97.752776)"
PLUGNEVERYWHERE / PALMER STATION9,AUSTIN ENERGY,2,All Drivers,United States,78704,Parking,Commercial,07/11/2012 08:38:00 AM,"000D:6F00:015A:9888
Austin, Texas 78704
(30.25989, -97.752711)","900 Barton Springs Rd
Austin, Texas 78704
(30.25989, -97.752711)"
PLUGNEVERYWHERE / PUB CAMP MABRY1,AUSTIN ENERGY,2,All Drivers,United States,78703,Parking,Commercial,07/13/2012 09:21:00 AM,"000D:6F00:015A:9915
Austin, Texas 78703
(30.313737, -97.761197)","2200 W 35th St
Austin, Texas 78703
(30.313737, -97.761197)"
PLUGNEVERYWHERE / PUB CAMP MABRY2,AUSTIN ENERGY,2,All Drivers,United States,78703,Parking,Commercial,05/25/2012 09:55:00 AM,"000D:6F00:0155:49A4
Austin, Texas 78703
(30.313802, -97.761165)","2200 W 35th St
Austin, Texas 78703
(30.313802, -97.761165)"
PLUGNEVERYWHERE / PUB LOCKHART 1,AUSTIN ENERGY,2,All Drivers,United States,78748,Workplace,General,05/25/2012 11:22:00 AM,"000D:6F00:009D:D1BB
Austin, Texas 78748
(30.168498, -97.795821)","319 W Slaughter Ln
Austin, Texas 78748
(30.168498, -97.795821)"
PLUGNEVERYWHERE / PUB M STATION 1,AUSTIN ENERGY,2,All Drivers,United States,78702,Parking,Commercial,06/23/2011 01:43:00 PM,"000D:6F00:00A2:0E68
Austin, Texas 78702
(30.281773, -97.707939)","2906 E Martin Luther King Jr Blvd
Austin, Texas 78702
(30.281773, -97.707939)"
PLUGNEVERYWHERE / PUB RESEARCHPP1,AUSTIN ENERGY,2,All Drivers,United States,78759,Parking,Commercial,07/09/2012 01:46:00 PM,"000D:6F00:015A:988E
Austin, Texas 78759
(30.428175, -97.756317)","12301 Research Blvd
Austin, Texas 78759
(30.428175, -97.756317)"
PLUGNEVERYWHERE / PUB UTANTONIO 1,AUSTIN ENERGY,2,All Drivers,United States,78705,Parking,Commercial,10/24/2011 04:06:00 PM,"000D:6F00:015A:96BA
Austin, Texas 78705
(30.2885, -97.742343)","2418-2422 San Antonio St
Austin, Texas 78705
(30.2885, -97.742343)"
PLUGNEVERYWHERE / PUB UTANTONIO 2,AUSTIN ENERGY,2,All Drivers,United States,78705,Parking,Commercial,10/24/2011 01:26:00 PM,"000D:6F00:015A:99CC
Austin, Texas 78705
(30.288454, -97.742343)","2420 San Antonio St
Austin, Texas 78705
(30.288454, -97.742343)"
PLUGNEVERYWHERE / PUB UTPICKLE1,AUSTIN ENERGY,2,All Drivers,United States,78758,Workplace,General,03/03/2015 11:56:00 AM,"0024:B100:0002:17F7
Austin, Texas 78758
(30.389653, -97.725036)","Rd A
Austin, Texas 78758
(30.389653, -97.725036)"
PLUGNEVERYWHERE / PUB UTPICKLE2,AUSTIN ENERGY,2,All Drivers,United States,78758,Education,University / College,03/03/2015 12:11:00 PM,"0024:B100:0002:1AEC
Austin, Texas 78758
(30.389602, -97.725084)","Rd A
Austin, Texas 78758
(30.389602, -97.725084)"
PLUGNEVERYWHERE / PUB-ACC EVIEW1,AUSTIN ENERGY,2,All Drivers,United States,78702,Parking,Commercial,12/30/2011 11:43:00 AM,"000D:6F00:009D:9A3F
Austin, Texas 78702
(30.268135, -97.706108)","3401 Webberville Rd
Austin, Texas 78702
(30.268135, -97.706108)"
PLUGNEVERYWHERE / PUB-ACC EVIEW2,AUSTIN ENERGY,2,All Drivers,United States,78702,Parking,Commercial,06/29/2012 09:30:00 AM,"000D:6F00:015A:6E6C
Austin, Texas 78702
(30.268456, -97.70713)","3401 Webberville Rd
Austin, Texas 78702
(30.268456, -97.70713)"
PLUGNEVERYWHERE / PUB-ACC NRIDGE1,AUSTIN ENERGY,2,All Drivers,United States,78758,Parking,Commercial,12/30/2011 08:31:00 AM,"000D:6F00:015A:99EF
Austin, Texas 78758
(30.40304, -97.703682)","11928 Stonehollow Dr
Austin, Texas 78758
(30.40304, -97.703682)"
PLUGNEVERYWHERE / PUB-ACC NRIDGE2,AUSTIN ENERGY,2,All Drivers,United States,78758,Parking,Commercial,12/30/2011 08:33:00 AM,"000D:6F00:015A:974D
Austin, Texas 78758
(30.402954, -97.703636)","11928 Stonehollow Dr
Austin, Texas 78758
(30.402954, -97.703636)"
PLUGNEVERYWHERE / PUB-CENTRALMKTN,AUSTIN ENERGY,1,All Drivers,United States,78705,Parking,Commercial,03/27/2012 11:45:00 AM,"000D:6F00:0154:FA90
Austin, Texas 78705
(30.308495, -97.740775)","4001 N Lamar Blvd
Austin, Texas 78705
(30.308495, -97.740775)"
PLUGNEVERYWHERE / PUB-CENTRALMKTS,AUSTIN ENERGY,1,All Drivers,United States,78745,Parking,Commercial,02/14/2012 10:55:00 AM,"000D:6F00:015A:98A5
Austin, Texas 78745
(30.231918, -97.798882)","4521 Westgate Blvd
Austin, Texas 78745
(30.231918, -97.798882)"
PLUGNEVERYWHERE / PUB-DELL1,AUSTIN ENERGY,2,All Drivers,United States,78722,Parking,Commercial,12/30/2011 10:40:00 AM,"000D:6F00:009D:9A20
Austin, Texas 78722
(30.302507, -97.70694)","4900 Mueller Blvd
Austin, Texas 78722
(30.302507, -97.70694)"
PLUGNEVERYWHERE / PUB-DELL2,AUSTIN ENERGY,2,All Drivers,United States,78722,Parking,Commercial,12/30/2011 10:41:00 AM,"000D:6F00:009D:5C2C
Austin, Texas 78722
(30.302528, -97.706985)","4900 Mueller Blvd
Austin, Texas 78722
(30.302528, -97.706985)"
PLUGNEVERYWHERE / PUB-DELL3,AUSTIN ENERGY,2,All Drivers,United States,78722,Parking,Commercial,01/24/2012 11:23:00 AM,"000D:6F00:009D:6078
Austin, Texas 78722
(30.302517, -97.706963)","4900 Mueller Blvd
Austin, Texas 78722
(30.302517, -97.706963)"
PLUGNEVERYWHERE / PUB-HEBCONGRESS,AUSTIN ENERGY,1,All Drivers,United States,78704,Parking,Commercial,05/02/2012 05:34:00 PM,"000D:6F00:015A:9D6C
Austin, Texas 78704
(30.238998, -97.755074)","2400 S Congress Ave
Austin, Texas 78704
(30.238998, -97.755074)"
PLUGNEVERYWHERE / PUB-STDAVIDSST1,AUSTIN ENERGY,2,All Drivers,United States,78701,Parking,Commercial,06/17/2011 02:00:00 PM,"000D:6F00:009D:7453
Austin, Texas 78701
(30.268719, -97.738899)","710 Trinity St
Austin, Texas 78701
(30.268719, -97.738899)"
PLUGNEVERYWHERE / PUB-STDAVIDSST2,AUSTIN ENERGY,2,All Drivers,United States,78701,Parking,Commercial,06/17/2011 03:39:00 PM,"000D:6F00:009D:D0C7
Austin, Texas 78701
(30.268694, -97.738907)","710 Trinity St
Austin, Texas 78701
(30.268694, -97.738907)"
PLUGNEVERYWHERE / PUBACCHIGHLAND1,AUSTIN ENERGY,2,All Drivers,United States,78752,Parking,Commercial,12/30/2011 11:29:00 AM,"000D:6F00:015A:984F
Austin, Texas 78752
(30.322672, -97.712753)","5930 Middle Fiskville Rd
Austin, Texas 78752
(30.322672, -97.712753)"
PLUGNEVERYWHERE / PUBACCHIGHLAND2,AUSTIN ENERGY,2,All Drivers,United States,78752,Parking,Commercial,12/30/2011 11:30:00 AM,"000D:6F00:0155:4629
Austin, Texas 78752
(30.32288, -97.711792)","5930 Middle Fiskville Rd
Austin, Texas 78752
(30.32288, -97.711792)"
PLUGNEVERYWHERE / PUBACCPINNACLE1,AUSTIN ENERGY,2,All Drivers,United States,78736,Parking,Commercial,12/30/2011 09:56:00 AM,"000D:6F00:009D:CBEE
Austin, Texas 78736
(30.231403, -97.883194)","7748 Hwy 290 W
Austin, Texas 78736
(30.231403, -97.883194)"
PLUGNEVERYWHERE / PUBACCPINNACLE2,AUSTIN ENERGY,2,All Drivers,United States,78736,Parking,Commercial,12/30/2011 09:57:00 AM,"000D:6F00:015A:9B80
Austin, Texas 78736
(30.23143, -97.883171)","7748 Hwy 290 W
Austin, Texas 78736
(30.23143, -97.883171)"
PLUGNEVERYWHERE / PUBACCRIOGRAND1,AUSTIN ENERGY,2,All Drivers,United States,78701,Parking,Commercial,12/30/2011 12:12:00 PM,"000D:6F00:0155:496A
Austin, Texas 78701
(30.277252, -97.747261)","1212 Rio Grande St
Austin, Texas 78701
(30.277252, -97.747261)"
PLUGNEVERYWHERE / PUBACCRIOGRAND2,AUSTIN ENERGY,2,All Drivers,United States,78701,Parking,Commercial,12/30/2011 12:12:00 PM,"000D:6F00:009D:5FC0
Austin, Texas 78701
(30.277239, -97.747215)","1212 Rio Grande St
Austin, Texas 78701
(30.277239, -97.747215)"
PLUGNEVERYWHERE / PUBACCRIVERSID1,AUSTIN ENERGY,2,All Drivers,United States,78741,Parking,Commercial,01/24/2012 12:31:00 PM,"000D:6F00:009D:D268
Austin, Texas 78741
(30.235128, -97.705193)","1020 Grove Blvd
Austin, Texas 78741
(30.235128, -97.705193)"
PLUGNEVERYWHERE / PUBACCRIVERSID2,AUSTIN ENERGY,2,All Drivers,United States,78741,Parking,Commercial,01/26/2012 01:06:00 PM,"000D:6F00:015A:96DD
Austin, Texas 78741
(30.23686, -97.70388)","984 Grove Blvd
Austin, Texas 78741
(30.23686, -97.70388)"
PLUGNEVERYWHERE / PUBACCSOAUSTIN2,AUSTIN ENERGY,2,All Drivers,United States,78745,Parking,Commercial,02/10/2012 08:25:00 AM,"000D:6F00:009D:5FFF
Austin, Texas 78745
(30.21609, -97.796324)","5517 Manchaca Rd
Austin, Texas 78745
(30.21609, -97.796324)"
PLUGNEVERYWHERE / PUBACCSVSCTRST1,AUSTIN ENERGY,2,All Drivers,United States,78754,Workplace,General,01/24/2012 11:10:00 AM,"000D:6F00:0155:49DB
Austin, Texas 78754
(30.339029, -97.662231)","9101 Tuscany Way
Austin, Texas 78754
(30.339029, -97.662231)"
PLUGNEVERYWHERE / PUBACCSVSCTRST2,AUSTIN ENERGY,2,All Drivers,United States,78754,Workplace,General,01/26/2012 04:00:00 PM,"000D:6F00:015A:9BB6
Austin, Texas 78754
(30.338486, -97.662247)","9101 Tuscany Way
Austin, Texas 78754
(30.338486, -97.662247)"
PLUGNEVERYWHERE / PUBAISDBURGERC,AUSTIN ENERGY,2,All Drivers,United States,78745,Parking,Commercial,07/13/2012 05:22:00 PM,"000D:6F00:009D:CC9A
Austin, Texas 78745
(30.228258, -97.811058)","6500 Jones Rd
Austin, Texas 78745
(30.228258, -97.811058)"
PLUGNEVERYWHERE / PUBAMLI1,AUSTIN ENERGY,2,All Drivers,United States,78701,Parking,Commercial,11/01/2011 10:48:00 AM,"000D:6F00:015A:983D
Austin, Texas 78701
(30.265999, -97.748375)","263-299 San Antonio St
Austin, Texas 78701
(30.265999, -97.748375)"
PLUGNEVERYWHERE / PUBCHASEESCAL1,AUSTIN ENERGY,2,All Drivers,United States,78746,Parking,Commercial,09/26/2011 03:04:00 PM,"000D:6F00:015A:9612
Austin, Texas 78746
(30.27567, -97.817127)","4301 Westbank Dr
Austin, Texas 78746
(30.27567, -97.817127)"
PLUGNEVERYWHERE / PUBDENNYSLAKE1,AUSTIN ENERGY,2,All Drivers,United States,78717,Parking,Commercial,09/26/2011 03:13:00 PM,"000D:6F00:00A5:858A
Austin, Texas 78717
(30.474033, -97.798248)","10930 Lakeline Mall Dr
Austin, Texas 78717
(30.474033, -97.798248)"
PLUGNEVERYWHERE / PUBDENNYSLAKE2,AUSTIN ENERGY,2,All Drivers,United States,78717,Parking,Commercial,09/26/2011 03:27:00 PM,"000D:6F00:015A:96F1
Austin, Texas 78717
(30.474014, -97.798279)","10930 Lakeline Mall Dr
Austin, Texas 78717
(30.474014, -97.798279)"
PLUGNEVERYWHERE / PUBDENNYSNORTH1,AUSTIN ENERGY,2,All Drivers,United States,78702,Parking,Commercial,09/26/2011 02:16:00 PM,"000D:6F00:015A:9864
Austin, Texas 78702
(30.276489, -97.729614)","1601 N Interstate 35
Austin, Texas 78702
(30.276489, -97.729614)"
PLUGNEVERYWHERE / PUBDENNYSNORTH2,AUSTIN ENERGY,2,All Drivers,United States,78702,Parking,Commercial,09/26/2011 02:16:00 PM,"000D:6F00:009D:5D73
Austin, Texas 78702
(30.27652, -97.729645)","1601 N Interstate 35
Austin, Texas 78702
(30.27652, -97.729645)"
PLUGNEVERYWHERE / PUBGABLES 5TH 1,AUSTIN ENERGY,2,All Drivers,United States,78703,Parking,Commercial,10/14/2011 11:42:00 AM,"000D:6F00:015A:99AF
Austin, Texas 78703
(30.273914, -97.764313)","1611 W 5th St
Austin, Texas 78703
(30.273914, -97.764313)"
PLUGNEVERYWHERE / PUBGABLES 5TH 2,AUSTIN ENERGY,2,All Drivers,United States,78703,Parking,Commercial,10/16/2011 06:22:00 PM,"000D:6F00:0155:49A9
Austin, Texas 78703
(30.273823, -97.764206)","1611 W 5th St
Austin, Texas 78703
(30.273823, -97.764206)"
PLUGNEVERYWHERE / PUBGABLESPARK 1,AUSTIN ENERGY,2,All Drivers,United States,78701,Parking,Commercial,10/03/2011 03:21:00 PM,"000D:6F00:015A:99E1
Austin, Texas 78701
(30.267687, -97.755051)","115 Sandra Muraida Way
Austin, Texas 78701
(30.267687, -97.755051)"
PLUGNEVERYWHERE / PUBGABLESPARK 2,AUSTIN ENERGY,2,All Drivers,United States,78703,Parking,Commercial,11/18/2011 01:42:00 PM,"000D:6F00:015A:6ECF
Austin, Texas 78703
(30.267736, -97.754929)","115 Sandra Muraida Way
Austin, Texas 78703
(30.267736, -97.754929)"
PLUGNEVERYWHERE / PUBGABLESPRESS1,AUSTIN ENERGY,2,All Drivers,United States,78703,Parking,Commercial,10/16/2011 06:30:00 PM,"000D:6F00:015A:9B27
Austin, Texas 78703
(30.272982, -97.760445)","507 Pressler St
Austin, Texas 78703
(30.272982, -97.760445)"
PLUGNEVERYWHERE / PUBGABLESPRESS2,AUSTIN ENERGY,2,All Drivers,United States,78703,Parking,Commercial,11/18/2011 02:13:00 PM,"000D:6F00:009D:CF2F
Austin, Texas 78703
(30.27289, -97.760269)","507 Pressler St
Austin, Texas 78703
(30.27289, -97.760269)"
PLUGNEVERYWHERE / PUBHEBBRODIEST1,AUSTIN ENERGY,1,All Drivers,United States,78745,Parking,Commercial,03/27/2012 11:45:00 AM,"000D:6F00:015A:9914
Austin, Texas 78745
(30.21613, -97.829525)","6900 Brodie Ln
Austin, Texas 78745
(30.21613, -97.829525)"
PLUGNEVERYWHERE / PUBHILL.CGAL1,AUSTIN ENERGY,2,All Drivers,United States,78738,Parking,Commercial,11/02/2011 01:23:00 PM,"000D:6F00:0155:49ED
Bee Cave, Texas 78738
(30.309689, -97.942062)","12701 Hill Country Blvd
Bee Cave, Texas 78738
(30.309689, -97.942062)"
PLUGNEVERYWHERE / PUBHILL.CGAL2,AUSTIN ENERGY,2,All Drivers,United States,78738,Parking,Commercial,11/16/2011 02:12:00 PM,"000D:6F00:0155:49C2
Bee Cave, Texas 78738
(30.307987, -97.93766)","12901 Hill Country Blvd
Bee Cave, Texas 78738
(30.307987, -97.93766)"
PLUGNEVERYWHERE / PUBLIFEWORKSST1,AUSTIN ENERGY,2,All Drivers,United States,78702,Workplace,General,01/12/2012 11:56:00 AM,"000D:6F00:009D:D267
Austin, Texas 78702
(30.264454, -97.707487)","835 N Pleasant Valley Rd
Austin, Texas 78702
(30.264454, -97.707487)"
PLUGNEVERYWHERE / PUBLIFEWORKSST2,AUSTIN ENERGY,2,All Drivers,United States,78702,Workplace,General,01/24/2012 11:05:00 AM,"000D:6F00:015A:9685
Austin, Texas 78702
(30.264471, -97.707541)","835 N Pleasant Valley Rd
Austin, Texas 78702
(30.264471, -97.707541)"
PLUGNEVERYWHERE / PUBLOSTPARROTS1,AUSTIN ENERGY,2,All Drivers,United States,78734,Parking,Commercial,01/12/2012 12:58:00 PM,"000D:6F00:0154:FF30
Austin, Texas 78734
(30.382643, -97.933861)","15116 Storm Dr
Austin, Texas 78734
(30.382643, -97.933861)"
PLUGNEVERYWHERE / PUBPEARSON CTR1,AUSTIN ENERGY,2,All Drivers,United States,78753,Parking,Commercial,05/25/2011 11:06:00 AM,"000D:6F00:009D:7214
Austin, Texas 78753
(30.417437, -97.664087)","400 Center Ridge Dr
Austin, Texas 78753
(30.417437, -97.664087)"
PLUGNEVERYWHERE / PUBPEARSONH LN1,AUSTIN ENERGY,2,All Drivers,United States,78753,Parking,Commercial,05/25/2011 11:12:00 AM,"000D:6F00:009E:D4A7
Austin, Texas 78753
(30.416589, -97.666054)","Center Line Pass
Austin, Texas 78753
(30.416589, -97.666054)"
PLUGNEVERYWHERE / PUBWYNDHAMGARD1,AUSTIN ENERGY,2,All Drivers,United States,78741,Parking,Commercial,09/06/2011 09:44:00 PM,"000D:6F00:015B:7FFA
Austin, Texas 78741
(30.222803, -97.746101)","3401 S I H 35
Austin, Texas 78741
(30.222803, -97.746101)"
SLEEP INN / SLEEP INN 1,Sleep Inn & Suites - Austin Northeast,2,All Drivers,United States,78754,Hospitality,Hotel / Resort,07/11/2014 01:13:00 PM,"0024:B100:0002:0B04
Austin, Texas 78754
(30.329889, -97.661712)","8410 E Hwy 290
Austin, Texas 78754
(30.329889, -97.661712)"
SPRINGS AT TR / CLUBHOUSE,Springs at Tech Ridge,1,All Drivers,United States,78753,Parking,Commercial,05/02/2014 01:26:00 PM,"000D:6F00:009D:72F0
Austin, Texas 78753
(30.394787, -97.653242)","1304-1444 Farm to Market 734
Austin, Texas 78753
(30.394787, -97.653242)"
SUSTAINABLEFOOD / SUSTAINABLEFOOD,Sustainable Food Center,1,All Drivers,United States,78702,Workplace,General,10/14/2013 10:52:00 AM,"000D:6F00:0155:4B00
Austin, Texas 78702
(30.278611, -97.710364)","2921 E 17th St
Austin, Texas 78702
(30.278611, -97.710364)"
TIG REAL ESTATE / STATION 1,"TIG REAL ESTATE SERVICES, INC.",2,All Drivers,United States,78746,Workplace,General,01/30/2013 10:05:00 AM,"000D:6F00:015A:9861
Austin, Texas 78746
(30.264587, -97.78067)","901 S Mopac Expy
Austin, Texas 78746
(30.264587, -97.78067)"
W1 / W1,Westminster,2,All Drivers,United States,78731,Workplace,General,07/12/2013 02:08:00 PM,"000D:6F00:0154:FDEA
Austin, Texas 78731
(30.314723, -97.756396)","4100 Jackson Ave
Austin, Texas 78731
(30.314723, -97.756396)"
WALLERCREEKSIDE / CREEKSIDE1,51st Living LTD,1,All Drivers,United States,78751,Multifamily Commercial,Apartment,08/12/2014 02:33:00 PM,"0024:B100:0002:0A05
Austin, Texas 78751
(30.315475, -97.724213)","105 W 51rst St
Austin, Texas 78751
(30.315475, -97.724213)"
WHITLEY MAIN / WHITLEY MAIN,Whitley,2,All Drivers,United States,78701,Multifamily Commercial,Condominium,02/09/2015 11:32:00 AM,"0024:B100:0002:1486
Austin, Texas 78701
(30.265199, -97.742194)","301 Brazos St
Austin, Texas 78701
(30.265199, -97.742194)"
WORKPLACE / PUB SUSTAINFOOD,AUSTIN ENERGY,2,All Drivers,United States,78702,Workplace,General,11/04/2011 11:21:00 AM,"000D:6F00:009D:CC90
Austin, Texas 78702
(30.278439, -97.710273)","2921 E 17th St
Austin, Texas 78702
(30.278439, -97.710273)"
CLAY COOLEY / QUICK CHARGER 1,Clay Cooley Nissan of Austin,1,All Drivers,United States,78745,Retail,Auto Dealership,,"000D:6F00:00A2:0D40
Austin, Texas 78745
(30.206127, -97.758965)","4914 S IH 35 Frontage Rd
Austin, Texas 78745
(30.206127, -97.758965)"
